MapDate,StateAbbreviation,None,D0,D1,D2,D3,D4,ValidStart,ValidEnd,StatisticFormatID
20251014,CA,27.30,34.18,22.88,14.39,1.25,0.00,2025-10-14,2025-10-20,2
20251007,CA,27.20,34.28,22.88,14.39,1.25,0.00,2025-10-07,2025-10-13,2
20250930,CA,26.78,34.70,19.91,17.36,1.25,0.00,2025-09-30,2025-10-06,2
20250923,CA,26.78,34.70,19.67,17.60,1.25,0.00,2025-09-23,2025-09-29,2
20250916,CA,26.78,33.67,16.55,19.51,3.49,0.00,2025-09-16,2025-09-22,2
20250909,CA,23.99,36.45,16.55,19.12,3.88,0.00,2025-09-09,2025-09-15,2
20250902,CA,23.99,36.46,16.55,18.30,4.70,0.00,2025-09-02,2025-09-08,2
20250826,CA,23.99,36.46,16.55,17.11,5.80,0.10,2025-08-26,2025-09-01,2
20250819,CA,23.99,36.46,16.55,17.11,5.80,0.10,2025-08-19,2025-08-25,2
20250812,CA,23.98,36.46,16.55,17.11,5.80,0.10,2025-08-12,2025-08-18,2
20250805,CA,23.98,36.46,16.55,17.11,5.80,0.10,2025-08-05,2025-08-11,2
20250729,CA,23.98,36.46,16.55,17.11,5.80,0.10,2025-07-29,2025-08-04,2
20250722,CA,23.98,36.46,16.55,17.11,5.80,0.10,2025-07-22,2025-07-28,2
20250715,CA,23.98,36.46,16.55,17.11,5.80,0.10,2025-07-15,2025-07-21,2
20250708,CA,23.99,36.74,16.26,17.11,5.80,0.10,2025-07-08,2025-07-14,2
20250701,CA,32.19,28.52,16.30,17.07,5.81,0.10,2025-07-01,2025-07-07,2
20250624,CA,32.17,28.54,16.30,17.07,5.81,0.10,2025-06-24,2025-06-30,2
20250617,CA,37.73,22.99,16.30,17.07,5.81,0.10,2025-06-17,2025-06-23,2
20250610,CA,39.01,21.71,16.30,17.07,5.81,0.10,2025-06-10,2025-06-16,2
20250603,CA,39.01,21.18,15.08,17.62,7.01,0.10,2025-06-03,2025-06-09,2
20250527,CA,40.22,19.97,15.08,17.63,7.00,0.10,2025-05-27,2025-06-02,2
20250520,CA,41.86,18.33,15.08,17.63,7.00,0.10,2025-05-20,2025-05-26,2
20250513,CA,41.86,18.33,15.08,17.63,7.00,0.10,2025-05-13,2025-05-19,2
20250506,CA,43.73,16.46,15.08,16.43,8.20,0.10,2025-05-06,2025-05-12,2
20250429,CA,43.73,16.46,15.08,16.43,7.57,0.73,2025-04-29,2025-05-05,2
20250422,CA,43.66,16.53,15.08,16.43,7.57,0.73,2025-04-22,2025-04-28,2
20250415,CA,43.71,16.49,15.08,16.43,7.57,0.73,2025-04-15,2025-04-21,2
20250408,CA,43.71,16.49,15.08,16.43,7.57,0.73,2025-04-08,2025-04-14,2
20250401,CA,43.71,16.49,15.08,12.96,11.03,0.73,2025-04-01,2025-04-07,2
20250325,CA,43.71,16.49,15.08,12.97,11.03,0.73,2025-03-25,2025-03-31,2
20250318,CA,42.90,17.29,15.08,12.97,11.03,0.73,2025-03-18,2025-03-24,2
20250311,CA,41.78,16.65,16.74,10.08,14.02,0.73,2025-03-11,2025-03-17,2
20250304,CA,41.82,16.61,16.74,10.08,14.02,0.73,2025-03-04,2025-03-10,2
20250225,CA,41.82,16.61,16.74,10.08,14.75,0.00,2025-02-25,2025-03-03,2
20250218,CA,41.82,16.61,16.74,10.08,14.75,0.00,2025-02-18,2025-02-24,2
20250211,CA,33.22,12.47,19.65,13.45,21.21,0.00,2025-02-11,2025-02-17,2
20250204,CA,33.22,12.47,19.65,13.45,21.21,0.00,2025-02-04,2025-02-10,2
20250128,CA,33.22,12.47,21.45,20.98,11.88,0.00,2025-01-28,2025-02-03,2
20250121,CA,33.22,27.40,6.53,20.96,11.90,0.00,2025-01-21,2025-01-27,2
20250114,CA,39.11,24.96,8.98,25.88,1.06,0.00,2025-01-14,2025-01-20,2
20250107,CA,39.11,24.96,25.50,9.37,1.06,0.00,2025-01-07,2025-01-13,2
20241231,CA,40.90,27.58,25.82,4.63,1.06,0.00,2024-12-31,2025-01-06,2
20241224,CA,43.49,39.79,11.03,4.67,1.03,0.00,2024-12-24,2024-12-30,2
20241217,CA,43.49,39.79,11.03,4.67,1.03,0.00,2024-12-17,2024-12-23,2
20241210,CA,43.46,39.82,11.03,4.67,1.03,0.00,2024-12-10,2024-12-16,2
20241203,CA,56.78,26.50,11.03,4.67,1.03,0.00,2024-12-03,2024-12-09,2
20241126,CA,56.09,27.18,11.03,4.67,1.03,0.00,2024-11-26,2024-12-02,2
20241119,CA,28.61,54.52,11.37,4.56,0.95,0.00,2024-11-19,2024-11-25,2
20241112,CA,25.51,57.48,11.50,4.56,0.95,0.00,2024-11-12,2024-11-18,2
20241105,CA,25.53,62.21,7.95,4.30,0.00,0.00,2024-11-05,2024-11-11,2
20241029,CA,25.37,62.37,7.96,4.30,0.00,0.00,2024-10-29,2024-11-04,2
20241022,CA,24.68,61.28,9.74,4.30,0.00,0.00,2024-10-22,2024-10-28,2
20241015,CA,24.68,61.28,9.74,4.30,0.00,0.00,2024-10-15,2024-10-21,2
20241008,CA,24.68,61.55,12.06,1.72,0.00,0.00,2024-10-08,2024-10-14,2
20241001,CA,28.40,60.94,10.59,0.08,0.00,0.00,2024-10-01,2024-10-07,2
20240924,CA,28.59,60.75,10.59,0.08,0.00,0.00,2024-09-24,2024-09-30,2
20240917,CA,28.59,60.75,10.59,0.08,0.00,0.00,2024-09-17,2024-09-23,2
20240910,CA,28.59,60.73,10.61,0.08,0.00,0.00,2024-09-10,2024-09-16,2
20240903,CA,45.59,46.05,8.36,0.00,0.00,0.00,2024-09-03,2024-09-09,2
20240827,CA,58.11,34.98,6.81,0.10,0.00,0.00,2024-08-27,2024-09-02,2
20240820,CA,66.59,26.50,6.81,0.10,0.00,0.00,2024-08-20,2024-08-26,2
20240813,CA,77.29,17.40,5.32,0.00,0.00,0.00,2024-08-13,2024-08-19,2
20240806,CA,77.26,17.43,5.32,0.00,0.00,0.00,2024-08-06,2024-08-12,2
20240730,CA,78.78,16.77,4.44,0.00,0.00,0.00,2024-07-30,2024-08-05,2
20240723,CA,78.80,16.76,4.44,0.00,0.00,0.00,2024-07-23,2024-07-29,2
20240716,CA,78.80,19.59,1.62,0.00,0.00,0.00,2024-07-16,2024-07-22,2
20240709,CA,80.72,18.50,0.77,0.00,0.00,0.00,2024-07-09,2024-07-15,2
20240702,CA,94.25,5.75,0.00,0.00,0.00,0.00,2024-07-02,2024-07-08,2
20240625,CA,97.18,2.82,0.00,0.00,0.00,0.00,2024-06-25,2024-07-01,2
20240618,CA,98.79,1.21,0.00,0.00,0.00,0.00,2024-06-18,2024-06-24,2
20240611,CA,98.79,1.21,0.00,0.00,0.00,0.00,2024-06-11,2024-06-17,2
20240604,CA,98.78,1.22,0.00,0.00,0.00,0.00,2024-06-04,2024-06-10,2
20240528,CA,98.77,1.23,0.00,0.00,0.00,0.00,2024-05-28,2024-06-03,2
20240521,CA,98.77,1.23,0.00,0.00,0.00,0.00,2024-05-21,2024-05-27,2
20240514,CA,98.77,1.23,0.00,0.00,0.00,0.00,2024-05-14,2024-05-20,2
20240507,CA,97.32,2.68,0.00,0.00,0.00,0.00,2024-05-07,2024-05-13,2
20240430,CA,97.32,2.68,0.00,0.00,0.00,0.00,2024-04-30,2024-05-06,2
20240423,CA,97.32,2.68,0.00,0.00,0.00,0.00,2024-04-23,2024-04-29,2
20240416,CA,97.32,2.68,0.00,0.00,0.00,0.00,2024-04-16,2024-04-22,2
20240409,CA,97.32,2.68,0.00,0.00,0.00,0.00,2024-04-09,2024-04-15,2
20240402,CA,95.46,4.54,0.00,0.00,0.00,0.00,2024-04-02,2024-04-08,2
20240326,CA,95.46,4.54,0.00,0.00,0.00,0.00,2024-03-26,2024-04-01,2
20240319,CA,95.46,4.54,0.00,0.00,0.00,0.00,2024-03-19,2024-03-25,2
20240312,CA,95.46,4.54,0.00,0.00,0.00,0.00,2024-03-12,2024-03-18,2
20240305,CA,95.46,4.54,0.00,0.00,0.00,0.00,2024-03-05,2024-03-11,2
20240227,CA,92.97,7.03,0.00,0.00,0.00,0.00,2024-02-27,2024-03-04,2
20240220,CA,92.97,7.03,0.00,0.00,0.00,0.00,2024-02-20,2024-02-26,2
20240213,CA,92.81,7.19,0.00,0.00,0.00,0.00,2024-02-13,2024-02-19,2
20240206,CA,92.84,7.16,0.00,0.00,0.00,0.00,2024-02-06,2024-02-12,2
20240130,CA,90.53,9.47,0.00,0.00,0.00,0.00,2024-01-30,2024-02-05,2
20240123,CA,96.55,3.45,0.00,0.00,0.00,0.00,2024-01-23,2024-01-29,2
20240116,CA,96.65,3.35,0.00,0.00,0.00,0.00,2024-01-16,2024-01-22,2
20240109,CA,96.65,3.35,0.00,0.00,0.00,0.00,2024-01-09,2024-01-15,2
20240102,CA,96.65,3.35,0.00,0.00,0.00,0.00,2024-01-02,2024-01-08,2
20231226,CA,96.65,3.35,0.00,0.00,0.00,0.00,2023-12-26,2024-01-01,2
20231219,CA,96.33,3.67,0.00,0.00,0.00,0.00,2023-12-19,2023-12-25,2
20231212,CA,96.33,3.67,0.00,0.00,0.00,0.00,2023-12-12,2023-12-18,2
20231205,CA,96.33,3.67,0.00,0.00,0.00,0.00,2023-12-05,2023-12-11,2
20231128,CA,95.32,4.68,0.00,0.00,0.00,0.00,2023-11-28,2023-12-04,2
20231121,CA,95.32,4.68,0.00,0.00,0.00,0.00,2023-11-21,2023-11-27,2
20231114,CA,95.32,4.68,0.00,0.00,0.00,0.00,2023-11-14,2023-11-20,2
20231107,CA,94.04,5.96,0.00,0.00,0.00,0.00,2023-11-07,2023-11-13,2
20231031,CA,94.34,5.66,0.00,0.00,0.00,0.00,2023-10-31,2023-11-06,2
20231024,CA,94.32,5.68,0.00,0.00,0.00,0.00,2023-10-24,2023-10-30,2
20231017,CA,94.32,5.68,0.00,0.00,0.00,0.00,2023-10-17,2023-10-23,2
20231010,CA,93.98,5.95,0.07,0.00,0.00,0.00,2023-10-10,2023-10-16,2
20231003,CA,94.01,5.93,0.07,0.00,0.00,0.00,2023-10-03,2023-10-09,2
20230926,CA,94.01,5.93,0.07,0.00,0.00,0.00,2023-09-26,2023-10-02,2
20230919,CA,93.53,6.23,0.24,0.00,0.00,0.00,2023-09-19,2023-09-25,2
20230912,CA,93.54,6.24,0.22,0.00,0.00,0.00,2023-09-12,2023-09-18,2
20230905,CA,93.53,6.25,0.22,0.00,0.00,0.00,2023-09-05,2023-09-11,2
20230829,CA,93.35,5.30,1.35,0.00,0.00,0.00,2023-08-29,2023-09-04,2
20230822,CA,93.33,5.30,1.38,0.00,0.00,0.00,2023-08-22,2023-08-28,2
20230815,CA,74.56,18.17,7.27,0.00,0.00,0.00,2023-08-15,2023-08-21,2
20230808,CA,74.55,18.18,7.28,0.00,0.00,0.00,2023-08-08,2023-08-14,2
20230801,CA,74.43,19.05,6.52,0.00,0.00,0.00,2023-08-01,2023-08-07,2
20230725,CA,74.43,19.28,6.29,0.00,0.00,0.00,2023-07-25,2023-07-31,2
20230718,CA,74.45,19.26,6.29,0.00,0.00,0.00,2023-07-18,2023-07-24,2
20230711,CA,71.95,21.76,6.29,0.00,0.00,0.00,2023-07-11,2023-07-17,2
20230704,CA,71.95,23.42,4.63,0.00,0.00,0.00,2023-07-04,2023-07-10,2
20230627,CA,71.88,23.49,4.63,0.00,0.00,0.00,2023-06-27,2023-07-03,2
20230620,CA,72.32,23.05,4.63,0.00,0.00,0.00,2023-06-20,2023-06-26,2
20230613,CA,72.32,23.05,4.63,0.00,0.00,0.00,2023-06-13,2023-06-19,2
20230606,CA,70.88,24.49,4.63,0.00,0.00,0.00,2023-06-06,2023-06-12,2
20230530,CA,70.88,24.49,4.63,0.00,0.00,0.00,2023-05-30,2023-06-05,2
20230523,CA,70.86,24.51,4.63,0.00,0.00,0.00,2023-05-23,2023-05-29,2
20230516,CA,68.02,26.03,5.95,0.00,0.00,0.00,2023-05-16,2023-05-22,2
20230509,CA,68.02,26.03,5.95,0.00,0.00,0.00,2023-05-09,2023-05-15,2
20230502,CA,68.04,23.98,7.98,0.00,0.00,0.00,2023-05-02,2023-05-08,2
20230425,CA,68.04,23.98,7.98,0.00,0.00,0.00,2023-04-25,2023-05-01,2
20230418,CA,65.67,25.55,8.79,0.00,0.00,0.00,2023-04-18,2023-04-24,2
20230411,CA,65.67,25.55,8.79,0.00,0.00,0.00,2023-04-11,2023-04-17,2
20230404,CA,56.17,18.97,24.04,0.82,0.00,0.00,2023-04-04,2023-04-10,2
20230328,CA,55.34,16.55,26.17,1.95,0.00,0.00,2023-03-28,2023-04-03,2
20230321,CA,48.51,15.61,27.39,8.49,0.00,0.00,2023-03-21,2023-03-27,2
20230314,CA,44.66,18.92,27.93,8.49,0.00,0.00,2023-03-14,2023-03-20,2
20230307,CA,26.84,30.10,24.06,19.00,0.00,0.00,2023-03-07,2023-03-13,2
20230228,CA,16.71,34.17,24.17,24.96,0.00,0.00,2023-02-28,2023-03-06,2
20230221,CA,0.61,14.80,51.98,32.62,0.00,0.00,2023-02-21,2023-02-27,2
20230214,CA,0.64,14.76,51.98,32.62,0.00,0.00,2023-02-14,2023-02-20,2
20230207,CA,0.64,14.76,51.98,32.62,0.00,0.00,2023-02-07,2023-02-13,2
20230131,CA,0.64,9.80,56.99,32.57,0.00,0.00,2023-01-31,2023-02-06,2
20230124,CA,0.64,9.80,56.99,32.57,0.00,0.00,2023-01-24,2023-01-30,2
20230117,CA,0.64,7.24,49.27,42.84,0.00,0.00,2023-01-17,2023-01-23,2
20230110,CA,0.00,4.62,49.38,45.68,0.32,0.00,2023-01-10,2023-01-16,2
20230103,CA,0.00,2.07,26.79,44.04,27.10,0.00,2023-01-03,2023-01-09,2
20221227,CA,0.00,2.06,17.38,45.06,28.33,7.16,2022-12-27,2023-01-02,2
20221220,CA,0.00,2.06,17.38,45.06,28.33,7.16,2022-12-20,2022-12-26,2
20221213,CA,0.00,2.06,17.38,45.06,28.33,7.16,2022-12-13,2022-12-19,2
20221206,CA,0.00,0.52,14.51,44.89,27.35,12.73,2022-12-06,2022-12-12,2
20221129,CA,0.00,0.52,14.51,44.05,28.19,12.73,2022-11-29,2022-12-05,2
20221122,CA,0.00,0.52,14.51,44.05,28.19,12.73,2022-11-22,2022-11-28,2
20221115,CA,0.00,0.52,14.51,44.05,28.18,12.73,2022-11-15,2022-11-21,2
20221108,CA,0.00,0.49,11.43,46.69,24.83,16.57,2022-11-08,2022-11-14,2
20221101,CA,0.00,0.23,7.94,48.76,26.50,16.57,2022-11-01,2022-11-07,2
20221025,CA,0.00,0.23,7.94,48.76,26.50,16.57,2022-10-25,2022-10-31,2
20221018,CA,0.00,0.23,7.94,50.92,24.34,16.57,2022-10-18,2022-10-24,2
20221011,CA,0.00,0.23,5.77,53.09,24.34,16.57,2022-10-11,2022-10-17,2
20221004,CA,0.00,0.23,5.75,53.12,24.34,16.57,2022-10-04,2022-10-10,2
20220927,CA,0.00,0.24,5.75,53.11,24.34,16.57,2022-09-27,2022-10-03,2
20220920,CA,0.00,0.24,5.70,53.15,24.34,16.57,2022-09-20,2022-09-26,2
20220913,CA,0.00,0.24,5.70,53.15,24.34,16.57,2022-09-13,2022-09-19,2
20220906,CA,0.00,0.24,2.24,57.35,23.61,16.57,2022-09-06,2022-09-12,2
20220830,CA,0.00,0.24,2.24,57.35,23.61,16.57,2022-08-30,2022-09-05,2
20220823,CA,0.00,0.24,2.24,54.36,26.59,16.57,2022-08-23,2022-08-29,2
20220816,CA,0.00,0.24,2.24,54.36,26.59,16.57,2022-08-16,2022-08-22,2
20220809,CA,0.00,0.23,2.25,51.71,29.28,16.53,2022-08-09,2022-08-15,2
20220802,CA,0.00,0.22,2.31,37.66,47.70,12.12,2022-08-02,2022-08-08,2
20220726,CA,0.00,0.22,2.31,37.66,47.07,12.74,2022-07-26,2022-08-01,2
20220719,CA,0.00,0.22,2.31,37.66,47.07,12.74,2022-07-19,2022-07-25,2
20220712,CA,0.00,0.20,2.31,37.67,47.07,12.74,2022-07-12,2022-07-18,2
20220705,CA,0.00,0.20,2.31,37.67,48.22,11.59,2022-07-05,2022-07-11,2
20220628,CA,0.00,0.21,2.31,37.67,48.22,11.59,2022-06-28,2022-07-04,2
20220621,CA,0.00,0.21,2.31,37.67,48.22,11.59,2022-06-21,2022-06-27,2
20220614,CA,0.00,0.21,2.31,37.67,48.22,11.59,2022-06-14,2022-06-20,2
20220607,CA,0.00,0.21,2.31,37.67,48.22,11.59,2022-06-07,2022-06-13,2
20220531,CA,0.00,0.14,2.30,37.75,48.22,11.59,2022-05-31,2022-06-06,2
20220524,CA,0.00,0.14,2.30,37.75,48.22,11.59,2022-05-24,2022-05-30,2
20220517,CA,0.00,0.14,4.73,35.32,59.64,0.18,2022-05-17,2022-05-23,2
20220510,CA,0.00,0.14,4.73,35.32,59.81,0.00,2022-05-10,2022-05-16,2
20220503,CA,0.00,0.00,4.82,54.67,40.51,0.00,2022-05-03,2022-05-09,2
20220426,CA,0.00,0.00,4.82,54.62,40.56,0.00,2022-04-26,2022-05-02,2
20220419,CA,0.00,0.00,4.82,54.37,40.81,0.00,2022-04-19,2022-04-25,2
20220412,CA,0.00,0.00,4.25,48.88,46.87,0.00,2022-04-12,2022-04-18,2
20220405,CA,0.00,0.00,6.35,52.97,40.67,0.00,2022-04-05,2022-04-11,2
20220329,CA,0.00,0.00,6.35,53.40,40.25,0.00,2022-03-29,2022-04-04,2
20220322,CA,0.00,0.00,6.35,55.95,37.69,0.00,2022-03-22,2022-03-28,2
20220315,CA,0.00,0.00,6.77,58.01,35.22,0.00,2022-03-15,2022-03-21,2
20220308,CA,0.00,0.00,13.02,74.16,12.82,0.00,2022-03-08,2022-03-14,2
20220301,CA,0.00,0.00,13.02,74.16,12.82,0.00,2022-03-01,2022-03-07,2
20220222,CA,0.00,0.00,31.23,62.07,6.70,0.00,2022-02-22,2022-02-28,2
20220215,CA,0.00,0.43,33.19,65.00,1.39,0.00,2022-02-15,2022-02-21,2
20220208,CA,0.00,0.75,32.83,65.03,1.39,0.00,2022-02-08,2022-02-14,2
20220201,CA,0.00,0.75,32.86,65.00,1.39,0.00,2022-02-01,2022-02-07,2
20220125,CA,0.00,0.75,32.86,65.00,1.39,0.00,2022-01-25,2022-01-31,2
20220118,CA,0.00,0.75,32.86,65.00,1.39,0.00,2022-01-18,2022-01-24,2
20220111,CA,0.00,0.75,32.86,65.00,1.39,0.00,2022-01-11,2022-01-17,2
20220104,CA,0.00,0.70,31.68,51.01,15.76,0.84,2022-01-04,2022-01-10,2
20211228,CA,0.00,0.00,13.72,53.35,32.10,0.84,2021-12-28,2022-01-03,2
20211221,CA,0.00,0.00,7.56,13.00,56.33,23.11,2021-12-21,2021-12-27,2
20211214,CA,0.00,0.00,7.57,12.15,52.01,28.27,2021-12-14,2021-12-20,2
20211207,CA,0.00,0.00,7.57,12.15,52.01,28.27,2021-12-07,2021-12-13,2
20211130,CA,0.00,0.00,7.57,12.15,52.01,28.27,2021-11-30,2021-12-06,2
20211123,CA,0.00,0.00,7.57,12.15,52.01,28.27,2021-11-23,2021-11-29,2
20211116,CA,0.00,0.00,7.57,12.15,42.66,37.62,2021-11-16,2021-11-22,2
20211109,CA,0.00,0.00,7.57,12.15,42.66,37.62,2021-11-09,2021-11-15,2
20211102,CA,0.00,0.00,6.19,10.48,44.59,38.74,2021-11-02,2021-11-08,2
20211026,CA,0.00,0.00,6.19,10.48,44.59,38.74,2021-10-26,2021-11-01,2
20211019,CA,0.00,0.00,6.19,6.63,41.52,45.66,2021-10-19,2021-10-25,2
20211012,CA,0.00,0.00,6.07,6.75,41.52,45.66,2021-10-12,2021-10-18,2
20211005,CA,0.00,0.00,6.07,6.05,42.22,45.66,2021-10-05,2021-10-11,2
20210928,CA,0.00,0.00,6.07,6.05,42.22,45.66,2021-09-28,2021-10-04,2
20210921,CA,0.00,0.00,6.07,6.05,42.22,45.66,2021-09-21,2021-09-27,2
20210914,CA,0.00,0.00,6.07,5.99,42.28,45.66,2021-09-14,2021-09-20,2
20210907,CA,0.00,0.00,6.07,5.99,42.28,45.66,2021-09-07,2021-09-13,2
20210831,CA,0.00,0.00,4.44,7.19,40.98,47.40,2021-08-31,2021-09-06,2
20210824,CA,0.00,0.00,4.42,7.21,40.98,47.40,2021-08-24,2021-08-30,2
20210817,CA,0.00,0.00,4.42,7.21,39.40,48.97,2021-08-17,2021-08-23,2
20210810,CA,0.00,0.00,4.93,6.69,41.28,47.10,2021-08-10,2021-08-16,2
20210803,CA,0.00,0.00,4.93,6.69,41.93,46.45,2021-08-03,2021-08-09,2
20210727,CA,0.00,0.00,4.91,6.50,42.10,46.49,2021-07-27,2021-08-02,2
20210720,CA,0.00,0.00,5.25,9.00,52.33,33.42,2021-07-20,2021-07-26,2
20210713,CA,0.00,0.00,5.25,9.02,52.41,33.32,2021-07-13,2021-07-19,2
20210706,CA,0.00,0.00,5.27,9.29,52.12,33.32,2021-07-06,2021-07-12,2
20210629,CA,0.00,0.00,5.27,9.29,52.12,33.32,2021-06-29,2021-07-05,2
20210622,CA,0.00,0.00,5.27,9.29,52.12,33.32,2021-06-22,2021-06-28,2
20210615,CA,0.00,0.00,5.25,9.31,52.12,33.32,2021-06-15,2021-06-21,2
20210608,CA,0.00,0.00,5.25,9.55,51.88,33.32,2021-06-08,2021-06-14,2
20210601,CA,0.00,0.00,5.39,20.15,48.41,26.04,2021-06-01,2021-06-07,2
20210525,CA,0.00,0.00,5.39,20.15,48.41,26.04,2021-05-25,2021-05-31,2
20210518,CA,0.00,0.00,5.69,20.98,57.42,15.91,2021-05-18,2021-05-24,2
20210511,CA,0.00,0.00,5.69,20.98,59.81,13.53,2021-05-11,2021-05-17,2
20210504,CA,0.00,2.48,4.63,19.58,67.94,5.36,2021-05-04,2021-05-10,2
20210427,CA,0.00,2.49,9.56,35.09,47.50,5.36,2021-04-27,2021-05-03,2
20210420,CA,0.00,3.46,11.17,35.51,44.50,5.36,2021-04-20,2021-04-26,2
20210413,CA,0.78,5.09,17.16,38.29,33.32,5.36,2021-04-13,2021-04-19,2
20210406,CA,0.77,6.58,22.97,34.27,30.06,5.36,2021-04-06,2021-04-12,2
20210330,CA,0.77,8.57,26.64,32.26,26.40,5.36,2021-03-30,2021-04-05,2
20210323,CA,0.70,8.64,26.64,32.26,26.40,5.36,2021-03-23,2021-03-29,2
20210316,CA,0.78,8.60,32.03,29.05,25.79,3.75,2021-03-16,2021-03-22,2
20210309,CA,0.75,8.36,32.30,29.05,25.79,3.75,2021-03-09,2021-03-15,2
20210302,CA,0.75,8.36,33.91,27.44,25.79,3.75,2021-03-02,2021-03-08,2
20210223,CA,0.70,14.41,27.90,27.44,25.79,3.75,2021-02-23,2021-03-01,2
20210216,CA,0.70,14.41,27.30,26.59,27.24,3.75,2021-02-16,2021-02-22,2
20210209,CA,0.64,14.26,27.23,26.46,27.66,3.75,2021-02-09,2021-02-15,2
20210202,CA,0.00,14.01,27.54,26.79,27.90,3.75,2021-02-02,2021-02-08,2
20210126,CA,0.00,4.80,19.46,36.28,35.60,3.86,2021-01-26,2021-02-01,2
20210119,CA,0.00,4.80,17.08,38.66,38.27,1.19,2021-01-19,2021-01-25,2
20210112,CA,0.00,4.80,16.10,39.60,38.31,1.19,2021-01-12,2021-01-18,2
20210105,CA,0.00,4.80,20.85,40.51,32.65,1.19,2021-01-05,2021-01-11,2
20201229,CA,0.00,4.83,20.82,40.59,32.56,1.19,2020-12-29,2021-01-04,2
20201222,CA,0.00,4.83,20.82,40.59,32.56,1.19,2020-12-22,2020-12-28,2
20201215,CA,0.00,4.83,20.82,40.59,32.56,1.19,2020-12-15,2020-12-21,2
20201208,CA,0.00,4.83,28.38,45.50,21.30,0.00,2020-12-08,2020-12-14,2
20201201,CA,3.46,21.51,26.84,28.83,19.36,0.00,2020-12-01,2020-12-07,2
20201124,CA,3.50,21.47,26.84,28.83,19.36,0.00,2020-11-24,2020-11-30,2
20201117,CA,15.61,13.47,29.66,25.42,15.83,0.00,2020-11-17,2020-11-23,2
20201110,CA,15.48,13.61,29.66,25.42,15.83,0.00,2020-11-10,2020-11-16,2
20201103,CA,15.48,16.98,31.93,22.87,12.74,0.00,2020-11-03,2020-11-09,2
20201027,CA,15.40,17.06,31.93,22.87,12.74,0.00,2020-10-27,2020-11-02,2
20201020,CA,15.40,17.06,31.93,22.87,12.74,0.00,2020-10-20,2020-10-26,2
20201013,CA,15.40,17.06,31.93,22.87,12.74,0.00,2020-10-13,2020-10-19,2
20201006,CA,15.40,17.06,31.93,22.87,12.74,0.00,2020-10-06,2020-10-12,2
20200929,CA,15.35,17.00,32.03,22.88,12.74,0.00,2020-09-29,2020-10-05,2
20200922,CA,15.62,17.29,31.82,31.88,3.39,0.00,2020-09-22,2020-09-28,2
20200915,CA,15.62,17.29,31.83,32.09,3.17,0.00,2020-09-15,2020-09-21,2
20200908,CA,20.45,25.37,21.21,29.93,3.04,0.00,2020-09-08,2020-09-14,2
20200901,CA,20.39,25.23,22.60,28.74,3.04,0.00,2020-09-01,2020-09-07,2
20200825,CA,20.55,25.07,22.49,28.84,3.04,0.00,2020-08-25,2020-08-31,2
20200818,CA,20.55,25.24,32.50,18.67,3.04,0.00,2020-08-18,2020-08-24,2
20200811,CA,33.74,15.87,28.67,18.67,3.04,0.00,2020-08-11,2020-08-17,2
20200804,CA,33.74,15.88,28.88,18.45,3.04,0.00,2020-08-04,2020-08-10,2
20200728,CA,40.34,9.28,28.88,18.45,3.04,0.00,2020-07-28,2020-08-03,2
20200721,CA,40.34,11.44,26.71,18.45,3.04,0.00,2020-07-21,2020-07-27,2
20200714,CA,40.38,11.43,26.69,19.05,2.45,0.00,2020-07-14,2020-07-20,2
20200707,CA,41.79,11.47,25.90,18.39,2.45,0.00,2020-07-07,2020-07-13,2
20200630,CA,41.79,11.47,25.90,18.39,2.45,0.00,2020-06-30,2020-07-06,2
20200623,CA,41.79,11.47,25.90,18.39,2.45,0.00,2020-06-23,2020-06-29,2
20200616,CA,41.79,11.47,25.90,18.39,2.45,0.00,2020-06-16,2020-06-22,2
20200609,CA,41.79,11.47,25.90,18.39,2.45,0.00,2020-06-09,2020-06-15,2
20200602,CA,41.80,11.53,25.83,17.87,2.97,0.00,2020-06-02,2020-06-08,2
20200526,CA,41.80,11.53,25.83,17.87,2.97,0.00,2020-05-26,2020-06-01,2
20200519,CA,41.80,11.53,25.83,17.87,2.97,0.00,2020-05-19,2020-05-25,2
20200512,CA,41.80,11.53,25.83,17.85,2.99,0.00,2020-05-12,2020-05-18,2
20200505,CA,41.80,15.33,23.31,15.62,3.94,0.00,2020-05-05,2020-05-11,2
20200428,CA,41.80,16.61,21.99,14.93,4.66,0.00,2020-04-28,2020-05-04,2
20200421,CA,41.80,22.50,16.11,14.93,4.66,0.00,2020-04-21,2020-04-27,2
20200414,CA,41.80,22.50,22.87,12.83,0.00,0.00,2020-04-14,2020-04-20,2
20200407,CA,32.29,24.40,42.02,1.30,0.00,0.00,2020-04-07,2020-04-13,2
20200331,CA,24.86,31.82,42.02,1.30,0.00,0.00,2020-03-31,2020-04-06,2
20200324,CA,24.86,34.72,39.12,1.30,0.00,0.00,2020-03-24,2020-03-30,2
20200317,CA,24.64,27.77,46.32,1.26,0.00,0.00,2020-03-17,2020-03-23,2
20200310,CA,21.50,30.41,48.09,0.00,0.00,0.00,2020-03-10,2020-03-16,2
20200303,CA,30.26,35.58,34.16,0.00,0.00,0.00,2020-03-03,2020-03-09,2
20200225,CA,30.26,46.40,23.34,0.00,0.00,0.00,2020-02-25,2020-03-02,2
20200218,CA,40.02,50.44,9.54,0.00,0.00,0.00,2020-02-18,2020-02-24,2
20200211,CA,53.85,36.61,9.54,0.00,0.00,0.00,2020-02-11,2020-02-17,2
20200204,CA,65.72,34.28,0.00,0.00,0.00,0.00,2020-02-04,2020-02-10,2
20200128,CA,65.72,34.28,0.00,0.00,0.00,0.00,2020-01-28,2020-02-03,2
20200121,CA,96.39,3.61,0.00,0.00,0.00,0.00,2020-01-21,2020-01-27,2
20200114,CA,96.39,3.61,0.00,0.00,0.00,0.00,2020-01-14,2020-01-20,2
20200107,CA,96.43,3.57,0.00,0.00,0.00,0.00,2020-01-07,2020-01-13,2
20191231,CA,96.43,3.57,0.00,0.00,0.00,0.00,2019-12-31,2020-01-06,2
20191224,CA,96.43,3.57,0.00,0.00,0.00,0.00,2019-12-24,2019-12-30,2
20191217,CA,96.43,3.57,0.00,0.00,0.00,0.00,2019-12-17,2019-12-23,2
20191210,CA,96.43,3.57,0.00,0.00,0.00,0.00,2019-12-10,2019-12-16,2
20191203,CA,14.74,85.25,0.01,0.00,0.00,0.00,2019-12-03,2019-12-09,2
20191126,CA,9.22,87.47,3.30,0.01,0.00,0.00,2019-11-26,2019-12-02,2
20191119,CA,18.55,77.86,3.58,0.01,0.00,0.00,2019-11-19,2019-11-25,2
20191112,CA,18.61,77.81,3.57,0.01,0.00,0.00,2019-11-12,2019-11-18,2
20191105,CA,82.26,15.68,2.06,0.00,0.00,0.00,2019-11-05,2019-11-11,2
20191029,CA,82.26,15.67,2.06,0.00,0.00,0.00,2019-10-29,2019-11-04,2
20191022,CA,82.26,15.67,2.06,0.00,0.00,0.00,2019-10-22,2019-10-28,2
20191015,CA,85.40,12.54,2.06,0.00,0.00,0.00,2019-10-15,2019-10-21,2
20191008,CA,95.29,2.64,2.06,0.00,0.00,0.00,2019-10-08,2019-10-14,2
20191001,CA,95.29,2.64,2.06,0.00,0.00,0.00,2019-10-01,2019-10-07,2
20190924,CA,89.73,8.21,2.06,0.00,0.00,0.00,2019-09-24,2019-09-30,2
20190917,CA,89.61,8.33,2.06,0.00,0.00,0.00,2019-09-17,2019-09-23,2
20190910,CA,90.94,7.96,1.09,0.01,0.00,0.00,2019-09-10,2019-09-16,2
20190903,CA,90.94,7.97,1.09,0.00,0.00,0.00,2019-09-03,2019-09-09,2
20190827,CA,90.94,7.96,1.09,0.00,0.00,0.00,2019-08-27,2019-09-02,2
20190820,CA,93.27,6.73,0.00,0.00,0.00,0.00,2019-08-20,2019-08-26,2
20190813,CA,94.07,5.93,0.00,0.00,0.00,0.00,2019-08-13,2019-08-19,2
20190806,CA,95.55,4.45,0.00,0.00,0.00,0.00,2019-08-06,2019-08-12,2
20190730,CA,95.68,4.32,0.00,0.00,0.00,0.00,2019-07-30,2019-08-05,2
20190723,CA,95.68,4.32,0.00,0.00,0.00,0.00,2019-07-23,2019-07-29,2
20190716,CA,95.68,4.32,0.00,0.00,0.00,0.00,2019-07-16,2019-07-22,2
20190709,CA,95.68,4.32,0.00,0.00,0.00,0.00,2019-07-09,2019-07-15,2
20190702,CA,95.68,4.32,0.00,0.00,0.00,0.00,2019-07-02,2019-07-08,2
20190625,CA,95.68,4.32,0.00,0.00,0.00,0.00,2019-06-25,2019-07-01,2
20190618,CA,95.68,4.32,0.00,0.00,0.00,0.00,2019-06-18,2019-06-24,2
20190611,CA,95.68,4.32,0.00,0.00,0.00,0.00,2019-06-11,2019-06-17,2
20190604,CA,95.68,4.32,0.00,0.00,0.00,0.00,2019-06-04,2019-06-10,2
20190528,CA,94.03,5.97,0.00,0.00,0.00,0.00,2019-05-28,2019-06-03,2
20190521,CA,94.03,5.97,0.00,0.00,0.00,0.00,2019-05-21,2019-05-27,2
20190514,CA,94.03,5.97,0.00,0.00,0.00,0.00,2019-05-14,2019-05-20,2
20190507,CA,94.03,5.97,0.00,0.00,0.00,0.00,2019-05-07,2019-05-13,2
20190430,CA,94.03,5.97,0.00,0.00,0.00,0.00,2019-04-30,2019-05-06,2
20190423,CA,94.03,5.97,0.00,0.00,0.00,0.00,2019-04-23,2019-04-29,2
20190416,CA,94.03,5.97,0.00,0.00,0.00,0.00,2019-04-16,2019-04-22,2
20190409,CA,94.03,5.97,0.00,0.00,0.00,0.00,2019-04-09,2019-04-15,2
20190402,CA,93.42,6.58,0.00,0.00,0.00,0.00,2019-04-02,2019-04-08,2
20190326,CA,93.42,6.58,0.00,0.00,0.00,0.00,2019-03-26,2019-04-01,2
20190319,CA,93.42,6.58,0.00,0.00,0.00,0.00,2019-03-19,2019-03-25,2
20190312,CA,93.42,6.58,0.00,0.00,0.00,0.00,2019-03-12,2019-03-18,2
20190305,CA,89.84,9.56,0.60,0.00,0.00,0.00,2019-03-05,2019-03-11,2
20190226,CA,87.17,10.50,2.33,0.00,0.00,0.00,2019-02-26,2019-03-04,2
20190219,CA,67.07,29.16,2.40,1.36,0.00,0.00,2019-02-19,2019-02-25,2
20190212,CA,36.77,52.68,8.92,1.63,0.00,0.00,2019-02-12,2019-02-18,2
20190205,CA,34.37,55.08,8.67,1.89,0.00,0.00,2019-02-05,2019-02-11,2
20190129,CA,23.93,52.41,21.77,1.89,0.00,0.00,2019-01-29,2019-02-04,2
20190122,CA,7.77,20.00,68.79,2.73,0.71,0.00,2019-01-22,2019-01-28,2
20190115,CA,7.77,17.06,69.62,4.83,0.71,0.00,2019-01-15,2019-01-21,2
20190108,CA,7.77,17.06,61.05,12.57,1.55,0.00,2019-01-08,2019-01-14,2
20190101,CA,7.77,17.06,61.05,12.01,2.10,0.00,2019-01-01,2019-01-07,2
20181225,CA,7.77,17.06,58.92,14.14,2.10,0.00,2018-12-25,2018-12-31,2
20181218,CA,7.77,17.06,58.29,14.77,2.10,0.00,2018-12-18,2018-12-24,2
20181211,CA,7.77,17.06,58.29,14.77,2.10,0.00,2018-12-11,2018-12-17,2
20181204,CA,7.77,12.54,61.36,14.55,3.78,0.00,2018-12-04,2018-12-10,2
20181127,CA,0.00,16.34,65.32,14.55,3.78,0.00,2018-11-27,2018-12-03,2
20181120,CA,0.00,22.38,59.26,14.58,3.78,0.00,2018-11-20,2018-11-26,2
20181113,CA,0.00,46.80,34.84,15.97,2.39,0.00,2018-11-13,2018-11-19,2
20181106,CA,0.00,48.08,33.56,15.97,2.39,0.00,2018-11-06,2018-11-12,2
20181030,CA,15.16,36.90,28.64,16.57,2.73,0.00,2018-10-30,2018-11-05,2
20181023,CA,15.16,36.90,28.64,16.57,2.73,0.00,2018-10-23,2018-10-29,2
20181016,CA,15.16,36.90,25.17,19.90,2.87,0.00,2018-10-16,2018-10-22,2
20181009,CA,15.16,36.90,25.17,17.90,4.87,0.00,2018-10-09,2018-10-15,2
20181002,CA,12.18,39.85,25.15,17.89,4.93,0.00,2018-10-02,2018-10-08,2
20180925,CA,12.18,39.85,25.15,17.88,4.94,0.00,2018-09-25,2018-10-01,2
20180918,CA,12.18,39.85,25.15,17.88,4.94,0.00,2018-09-18,2018-09-24,2
20180911,CA,12.18,39.85,25.15,17.88,4.94,0.00,2018-09-11,2018-09-17,2
20180904,CA,13.79,38.64,24.69,20.12,2.77,0.00,2018-09-04,2018-09-10,2
20180828,CA,13.79,38.64,26.53,18.28,2.77,0.00,2018-08-28,2018-09-03,2
20180821,CA,13.79,39.02,26.44,17.99,2.77,0.00,2018-08-21,2018-08-27,2
20180814,CA,13.84,38.97,26.44,17.99,2.77,0.00,2018-08-14,2018-08-20,2
20180807,CA,13.83,41.12,24.29,17.99,2.77,0.00,2018-08-07,2018-08-13,2
20180731,CA,13.84,41.37,24.04,17.99,2.77,0.00,2018-07-31,2018-08-06,2
20180724,CA,13.82,41.45,23.97,17.99,2.77,0.00,2018-07-24,2018-07-30,2
20180717,CA,14.85,41.01,23.39,17.99,2.77,0.00,2018-07-17,2018-07-23,2
20180710,CA,14.85,41.03,23.37,17.99,2.77,0.00,2018-07-10,2018-07-16,2
20180703,CA,14.85,40.99,23.41,17.99,2.77,0.00,2018-07-03,2018-07-09,2
20180626,CA,14.92,40.91,23.41,17.99,2.77,0.00,2018-06-26,2018-07-02,2
20180619,CA,30.37,32.56,16.32,17.99,2.77,0.00,2018-06-19,2018-06-25,2
20180612,CA,30.39,32.53,16.32,17.99,2.77,0.00,2018-06-12,2018-06-18,2
20180605,CA,30.39,32.53,16.33,17.98,2.78,0.00,2018-06-05,2018-06-11,2
20180529,CA,30.49,32.43,16.33,17.98,2.78,0.00,2018-05-29,2018-06-04,2
20180522,CA,30.49,32.43,16.33,17.98,2.78,0.00,2018-05-22,2018-05-28,2
20180515,CA,30.49,32.36,16.32,18.03,2.80,0.00,2018-05-15,2018-05-21,2
20180508,CA,34.19,28.71,23.11,11.19,2.80,0.00,2018-05-08,2018-05-14,2
20180501,CA,34.10,28.80,23.11,11.19,2.80,0.00,2018-05-01,2018-05-07,2
20180424,CA,34.10,28.80,23.33,11.21,2.55,0.00,2018-04-24,2018-04-30,2
20180417,CA,34.10,28.80,23.33,11.26,2.50,0.00,2018-04-17,2018-04-23,2
20180410,CA,33.85,29.05,23.33,11.26,2.50,0.00,2018-04-10,2018-04-16,2
20180403,CA,22.99,36.11,28.18,10.21,2.50,0.00,2018-04-03,2018-04-09,2
20180327,CA,22.99,36.24,28.21,10.06,2.50,0.00,2018-03-27,2018-04-02,2
20180320,CA,11.08,41.24,25.36,21.88,0.43,0.00,2018-03-20,2018-03-26,2
20180313,CA,11.08,41.24,25.36,21.88,0.43,0.00,2018-03-13,2018-03-19,2
20180306,CA,8.48,43.65,25.47,21.97,0.43,0.00,2018-03-06,2018-03-12,2
20180227,CA,8.48,43.65,27.89,19.98,0.00,0.00,2018-02-27,2018-03-05,2
20180220,CA,8.43,43.69,27.89,19.98,0.00,0.00,2018-02-20,2018-02-26,2
20180213,CA,18.29,36.00,25.73,19.98,0.00,0.00,2018-02-13,2018-02-19,2
20180206,CA,18.27,36.13,39.21,6.39,0.00,0.00,2018-02-06,2018-02-12,2
20180130,CA,26.67,29.61,38.80,4.92,0.00,0.00,2018-01-30,2018-02-05,2
20180123,CA,45.48,41.84,12.69,0.00,0.00,0.00,2018-01-23,2018-01-29,2
20180116,CA,53.21,34.10,12.69,0.00,0.00,0.00,2018-01-16,2018-01-22,2
20180109,CA,53.58,33.73,12.69,0.00,0.00,0.00,2018-01-09,2018-01-15,2
20180102,CA,55.70,31.61,12.69,0.00,0.00,0.00,2018-01-02,2018-01-08,2
20171226,CA,55.70,31.61,12.69,0.00,0.00,0.00,2017-12-26,2018-01-01,2
20171219,CA,55.70,31.61,12.69,0.00,0.00,0.00,2017-12-19,2017-12-25,2
20171212,CA,55.70,34.40,9.90,0.00,0.00,0.00,2017-12-12,2017-12-18,2
20171205,CA,65.38,24.72,9.90,0.00,0.00,0.00,2017-12-05,2017-12-11,2
20171128,CA,69.09,22.67,8.24,0.00,0.00,0.00,2017-11-28,2017-12-04,2
20171121,CA,73.98,17.78,8.24,0.00,0.00,0.00,2017-11-21,2017-11-27,2
20171114,CA,73.98,17.78,8.24,0.00,0.00,0.00,2017-11-14,2017-11-20,2
20171107,CA,77.90,13.86,8.24,0.00,0.00,0.00,2017-11-07,2017-11-13,2
20171031,CA,77.90,13.86,8.24,0.00,0.00,0.00,2017-10-31,2017-11-06,2
20171024,CA,77.90,13.86,8.24,0.00,0.00,0.00,2017-10-24,2017-10-30,2
20171017,CA,77.88,13.88,8.24,0.00,0.00,0.00,2017-10-17,2017-10-23,2
20171010,CA,77.88,13.88,8.24,0.00,0.00,0.00,2017-10-10,2017-10-16,2
20171003,CA,77.88,13.88,8.24,0.00,0.00,0.00,2017-10-03,2017-10-09,2
20170926,CA,77.88,13.88,8.24,0.00,0.00,0.00,2017-09-26,2017-10-02,2
20170919,CA,77.88,13.88,8.21,0.04,0.00,0.00,2017-09-19,2017-09-25,2
20170912,CA,77.88,13.88,8.21,0.04,0.00,0.00,2017-09-12,2017-09-18,2
20170905,CA,77.88,13.88,8.21,0.04,0.00,0.00,2017-09-05,2017-09-11,2
20170829,CA,77.88,13.88,8.21,0.04,0.00,0.00,2017-08-29,2017-09-04,2
20170822,CA,77.88,13.88,8.21,0.04,0.00,0.00,2017-08-22,2017-08-28,2
20170815,CA,77.86,13.90,8.21,0.04,0.00,0.00,2017-08-15,2017-08-21,2
20170808,CA,77.86,13.90,7.18,1.06,0.00,0.00,2017-08-08,2017-08-14,2
20170801,CA,77.86,13.90,7.18,1.06,0.00,0.00,2017-08-01,2017-08-07,2
20170725,CA,75.73,16.03,7.18,1.06,0.00,0.00,2017-07-25,2017-07-31,2
20170718,CA,75.69,16.06,7.18,1.06,0.00,0.00,2017-07-18,2017-07-24,2
20170711,CA,76.46,15.30,7.18,1.06,0.00,0.00,2017-07-11,2017-07-17,2
20170704,CA,76.46,15.30,7.18,1.06,0.00,0.00,2017-07-04,2017-07-10,2
20170627,CA,76.47,15.29,7.18,1.06,0.00,0.00,2017-06-27,2017-07-03,2
20170620,CA,76.47,15.29,7.18,1.06,0.00,0.00,2017-06-20,2017-06-26,2
20170613,CA,76.47,15.29,7.18,1.06,0.00,0.00,2017-06-13,2017-06-19,2
20170606,CA,76.47,15.29,7.18,1.06,0.00,0.00,2017-06-06,2017-06-12,2
20170530,CA,76.47,15.29,7.18,1.06,0.00,0.00,2017-05-30,2017-06-05,2
20170523,CA,76.47,15.29,7.18,1.06,0.00,0.00,2017-05-23,2017-05-29,2
20170516,CA,76.47,15.29,7.18,1.06,0.00,0.00,2017-05-16,2017-05-22,2
20170509,CA,76.47,15.29,7.18,1.06,0.00,0.00,2017-05-09,2017-05-15,2
20170502,CA,76.47,15.29,7.18,1.06,0.00,0.00,2017-05-02,2017-05-08,2
20170425,CA,76.54,15.22,7.18,1.06,0.00,0.00,2017-04-25,2017-05-01,2
20170418,CA,76.54,15.22,7.18,1.06,0.00,0.00,2017-04-18,2017-04-24,2
20170411,CA,76.54,15.22,7.18,1.06,0.00,0.00,2017-04-11,2017-04-17,2
20170404,CA,76.54,15.22,7.18,1.06,0.00,0.00,2017-04-04,2017-04-10,2
20170328,CA,76.54,15.22,7.18,1.06,0.00,0.00,2017-03-28,2017-04-03,2
20170321,CA,76.54,15.22,7.18,1.06,0.00,0.00,2017-03-21,2017-03-27,2
20170314,CA,76.54,15.22,7.18,1.06,0.00,0.00,2017-03-14,2017-03-20,2
20170307,CA,76.54,15.22,7.14,1.10,0.00,0.00,2017-03-07,2017-03-13,2
20170228,CA,74.49,16.78,4.65,4.08,0.00,0.00,2017-02-28,2017-03-06,2
20170221,CA,61.66,21.47,12.69,4.19,0.00,0.00,2017-02-21,2017-02-27,2
20170214,CA,43.94,31.86,16.78,6.68,0.73,0.00,2017-02-14,2017-02-20,2
20170207,CA,41.46,11.56,36.05,10.20,0.73,0.00,2017-02-07,2017-02-13,2
20170131,CA,38.98,10.22,30.51,18.42,1.87,0.00,2017-01-31,2017-02-06,2
20170124,CA,38.73,9.87,24.94,24.30,2.16,0.00,2017-01-24,2017-01-30,2
20170117,CA,35.56,6.93,13.16,20.05,22.17,2.13,2017-01-17,2017-01-23,2
20170110,CA,34.62,7.16,9.00,21.42,25.67,2.13,2017-01-10,2017-01-16,2
20170103,CA,18.07,14.32,13.59,15.85,19.87,18.31,2017-01-03,2017-01-09,2
20161227,CA,17.47,13.66,11.07,17.19,22.29,18.31,2016-12-27,2017-01-02,2
20161220,CA,15.09,14.80,11.02,17.54,21.80,19.75,2016-12-20,2016-12-26,2
20161213,CA,12.16,14.80,12.77,17.47,21.76,21.04,2016-12-13,2016-12-19,2
20161206,CA,12.03,14.93,12.77,17.47,21.76,21.04,2016-12-06,2016-12-12,2
20161129,CA,12.03,14.93,12.77,17.47,21.76,21.04,2016-11-29,2016-12-05,2
20161122,CA,12.03,14.93,12.77,17.47,21.76,21.04,2016-11-22,2016-11-28,2
20161115,CA,12.03,14.93,12.77,17.47,21.76,21.04,2016-11-15,2016-11-21,2
20161108,CA,12.03,14.93,12.77,17.47,21.76,21.04,2016-11-08,2016-11-14,2
20161101,CA,12.03,12.71,13.88,18.58,21.76,21.04,2016-11-01,2016-11-07,2
20161025,CA,8.96,9.92,19.32,19.00,21.76,21.04,2016-10-25,2016-10-31,2
20161018,CA,7.77,11.11,19.32,19.00,21.76,21.04,2016-10-18,2016-10-24,2
20161011,CA,0.00,16.41,21.31,19.47,21.76,21.04,2016-10-11,2016-10-17,2
20161004,CA,0.00,16.41,21.31,19.47,21.76,21.04,2016-10-04,2016-10-10,2
20160927,CA,0.00,16.41,21.31,19.47,21.76,21.04,2016-09-27,2016-10-03,2
20160920,CA,0.00,16.41,21.31,19.47,21.76,21.04,2016-09-20,2016-09-26,2
20160913,CA,0.00,16.41,21.31,19.47,21.76,21.04,2016-09-13,2016-09-19,2
20160906,CA,0.00,16.41,24.57,16.21,21.76,21.04,2016-09-06,2016-09-12,2
20160830,CA,0.00,16.41,24.57,16.21,21.76,21.04,2016-08-30,2016-09-05,2
20160823,CA,0.00,16.41,24.57,16.21,21.76,21.04,2016-08-23,2016-08-29,2
20160816,CA,0.00,16.41,24.57,16.21,21.76,21.04,2016-08-16,2016-08-22,2
20160809,CA,0.00,16.41,24.57,16.21,21.76,21.04,2016-08-09,2016-08-15,2
20160802,CA,0.00,16.41,24.57,16.21,21.76,21.04,2016-08-02,2016-08-08,2
20160726,CA,0.00,16.41,24.57,16.21,21.76,21.04,2016-07-26,2016-08-01,2
20160719,CA,0.00,16.41,24.57,16.21,21.76,21.04,2016-07-19,2016-07-25,2
20160712,CA,0.00,16.41,24.57,16.21,21.76,21.04,2016-07-12,2016-07-18,2
20160705,CA,0.00,16.41,24.57,16.21,21.76,21.04,2016-07-05,2016-07-11,2
20160628,CA,0.00,16.41,24.57,16.21,21.76,21.04,2016-06-28,2016-07-04,2
20160621,CA,0.00,16.41,24.57,16.21,21.76,21.04,2016-06-21,2016-06-27,2
20160614,CA,0.00,16.41,24.57,16.21,21.76,21.04,2016-06-14,2016-06-20,2
20160607,CA,4.27,11.82,24.89,16.02,21.95,21.04,2016-06-07,2016-06-13,2
20160531,CA,6.08,10.01,24.89,16.02,21.95,21.04,2016-05-31,2016-06-06,2
20160524,CA,5.50,8.12,25.38,18.01,21.95,21.04,2016-05-24,2016-05-30,2
20160517,CA,5.50,8.12,22.82,20.57,21.95,21.04,2016-05-17,2016-05-23,2
20160510,CA,4.27,6.05,16.96,24.81,26.88,21.04,2016-05-10,2016-05-16,2
20160503,CA,4.27,6.05,15.31,25.21,28.11,21.04,2016-05-03,2016-05-09,2
20160426,CA,4.24,5.67,15.72,25.21,28.11,21.04,2016-04-26,2016-05-02,2
20160419,CA,4.24,5.67,15.72,25.21,28.11,21.04,2016-04-19,2016-04-25,2
20160412,CA,3.55,5.87,16.21,19.11,23.57,31.68,2016-04-12,2016-04-18,2
20160405,CA,3.55,5.87,16.21,19.11,23.57,31.68,2016-04-05,2016-04-11,2
20160329,CA,3.55,5.87,17.76,17.57,20.51,34.74,2016-03-29,2016-04-04,2
20160322,CA,1.16,7.29,18.70,17.54,20.57,34.74,2016-03-22,2016-03-28,2
20160315,CA,0.43,6.29,19.64,18.33,20.57,34.74,2016-03-15,2016-03-21,2
20160308,CA,0.43,2.07,14.33,22.31,22.38,38.48,2016-03-08,2016-03-14,2
20160301,CA,0.43,4.44,12.47,21.80,22.38,38.48,2016-03-01,2016-03-07,2
20160223,CA,0.43,5.19,12.56,20.96,22.38,38.48,2016-02-23,2016-02-29,2
20160216,CA,0.29,5.01,12.87,20.42,22.93,38.48,2016-02-16,2016-02-22,2
20160209,CA,0.22,5.01,12.95,20.42,22.93,38.48,2016-02-09,2016-02-15,2
20160202,CA,0.00,4.74,9.13,22.23,24.49,39.41,2016-02-02,2016-02-08,2
20160126,CA,0.00,4.65,9.22,22.17,23.75,40.21,2016-01-26,2016-02-01,2
20160119,CA,0.00,2.83,11.04,17.98,25.49,42.66,2016-01-19,2016-01-25,2
20160112,CA,0.00,2.67,9.78,18.49,26.40,42.66,2016-01-12,2016-01-18,2
20160105,CA,0.00,2.67,9.78,18.49,24.22,44.84,2016-01-05,2016-01-11,2
20151229,CA,0.00,2.67,9.78,18.49,24.22,44.84,2015-12-29,2016-01-04,2
20151222,CA,0.00,2.67,6.70,21.54,24.24,44.84,2015-12-22,2015-12-28,2
20151215,CA,0.14,2.53,6.70,21.55,24.24,44.84,2015-12-15,2015-12-21,2
20151208,CA,0.14,2.53,5.07,23.17,24.24,44.84,2015-12-08,2015-12-14,2
20151201,CA,0.14,2.53,5.07,21.71,25.71,44.84,2015-12-01,2015-12-07,2
20151124,CA,0.14,2.53,5.07,21.71,25.71,44.84,2015-11-24,2015-11-30,2
20151117,CA,0.14,2.53,5.07,21.71,25.71,44.84,2015-11-17,2015-11-23,2
20151110,CA,0.14,2.53,5.06,21.72,25.71,44.84,2015-11-10,2015-11-16,2
20151103,CA,0.14,2.53,5.06,21.72,25.71,44.84,2015-11-03,2015-11-09,2
20151027,CA,0.14,2.53,5.06,21.20,25.08,46.00,2015-10-27,2015-11-02,2
20151020,CA,0.14,2.53,5.06,21.20,25.08,46.00,2015-10-20,2015-10-26,2
20151013,CA,0.14,2.53,4.97,21.29,25.08,46.00,2015-10-13,2015-10-19,2
20151006,CA,0.14,2.53,4.97,21.29,25.08,46.00,2015-10-06,2015-10-12,2
20150929,CA,0.14,2.53,4.97,21.29,25.08,46.00,2015-09-29,2015-10-05,2
20150922,CA,0.14,2.53,4.97,21.29,25.08,46.00,2015-09-22,2015-09-28,2
20150915,CA,0.14,2.53,4.97,21.29,25.08,46.00,2015-09-15,2015-09-21,2
20150908,CA,0.14,2.51,4.99,21.29,25.08,46.00,2015-09-08,2015-09-14,2
20150901,CA,0.14,2.51,4.99,21.29,25.08,46.00,2015-09-01,2015-09-07,2
20150825,CA,0.14,2.51,4.99,21.29,25.08,46.00,2015-08-25,2015-08-31,2
20150818,CA,0.14,2.51,4.99,21.29,25.08,46.00,2015-08-18,2015-08-24,2
20150811,CA,0.14,2.51,4.99,21.29,25.08,46.00,2015-08-11,2015-08-17,2
20150804,CA,0.14,2.51,2.76,23.51,25.08,46.00,2015-08-04,2015-08-10,2
20150728,CA,0.14,2.51,2.76,23.51,25.08,46.00,2015-07-28,2015-08-03,2
20150721,CA,0.14,2.51,2.76,23.51,25.08,46.00,2015-07-21,2015-07-27,2
20150714,CA,0.14,1.15,4.12,23.51,25.08,46.00,2015-07-14,2015-07-20,2
20150707,CA,0.14,1.15,4.12,23.51,24.35,46.73,2015-07-07,2015-07-13,2
20150630,CA,0.14,1.15,4.12,23.52,24.35,46.73,2015-06-30,2015-07-06,2
20150623,CA,0.14,1.15,4.12,23.52,24.35,46.73,2015-06-23,2015-06-29,2
20150616,CA,0.14,1.15,4.12,23.52,24.35,46.73,2015-06-16,2015-06-22,2
20150609,CA,0.14,1.15,4.81,22.83,24.35,46.73,2015-06-09,2015-06-15,2
20150602,CA,0.14,1.15,4.81,24.30,22.88,46.73,2015-06-02,2015-06-08,2
20150526,CA,0.14,1.15,4.81,27.30,19.87,46.73,2015-05-26,2015-06-01,2
20150519,CA,0.14,1.58,4.37,27.30,19.83,46.77,2015-05-19,2015-05-25,2
20150512,CA,0.14,1.58,4.37,27.30,19.83,46.77,2015-05-12,2015-05-18,2
20150505,CA,0.14,1.58,4.37,27.30,19.83,46.77,2015-05-05,2015-05-11,2
20150428,CA,0.14,1.75,4.67,26.84,19.83,46.77,2015-04-28,2015-05-04,2
20150421,CA,0.14,1.75,4.67,26.84,19.83,46.77,2015-04-21,2015-04-27,2
20150414,CA,0.14,1.75,4.67,26.84,22.28,44.32,2015-04-14,2015-04-20,2
20150407,CA,0.15,1.74,4.67,26.84,22.28,44.32,2015-04-07,2015-04-13,2
20150331,CA,0.15,1.74,4.67,26.84,25.20,41.41,2015-03-31,2015-04-06,2
20150324,CA,0.15,1.74,4.67,26.84,25.20,41.41,2015-03-24,2015-03-30,2
20150317,CA,0.16,1.73,4.67,25.98,27.54,39.92,2015-03-17,2015-03-23,2
20150310,CA,0.16,1.73,4.67,25.98,27.54,39.92,2015-03-10,2015-03-16,2
20150303,CA,0.16,1.75,4.66,25.98,27.54,39.92,2015-03-03,2015-03-09,2
20150224,CA,0.16,1.75,4.66,25.98,27.54,39.92,2015-02-24,2015-03-02,2
20150217,CA,0.16,1.75,4.66,25.98,26.26,41.20,2015-02-17,2015-02-23,2
20150210,CA,0.16,1.75,4.66,25.98,27.47,39.99,2015-02-10,2015-02-16,2
20150203,CA,0.16,1.72,4.56,16.11,37.46,39.99,2015-02-03,2015-02-09,2
20150127,CA,0.00,1.87,3.79,16.82,37.52,39.99,2015-01-27,2015-02-02,2
20150120,CA,0.00,1.87,3.79,16.82,38.37,39.15,2015-01-20,2015-01-26,2
20150113,CA,0.00,1.88,3.78,16.82,38.37,39.15,2015-01-13,2015-01-19,2
20150106,CA,0.00,1.88,3.78,16.39,45.73,32.21,2015-01-06,2015-01-12,2
20141230,CA,0.00,1.88,3.78,16.39,45.73,32.21,2014-12-30,2015-01-05,2
20141223,CA,0.00,1.59,3.98,16.48,45.73,32.21,2014-12-23,2014-12-29,2
20141216,CA,0.00,1.59,3.98,16.48,45.73,32.21,2014-12-16,2014-12-22,2
20141209,CA,0.00,0.28,5.29,14.73,24.61,55.08,2014-12-09,2014-12-15,2
20141202,CA,0.00,0.28,5.29,14.73,24.61,55.08,2014-12-02,2014-12-08,2
20141125,CA,0.00,0.28,5.29,14.73,24.61,55.08,2014-11-25,2014-12-01,2
20141118,CA,0.00,0.28,5.29,14.73,24.61,55.08,2014-11-18,2014-11-24,2
20141111,CA,0.00,0.28,5.29,14.73,24.61,55.08,2014-11-11,2014-11-17,2
20141104,CA,0.00,0.29,5.28,14.73,24.61,55.08,2014-11-04,2014-11-10,2
20141028,CA,0.00,0.00,4.96,13.13,23.51,58.41,2014-10-28,2014-11-03,2
20141021,CA,0.00,0.00,4.96,13.13,23.51,58.41,2014-10-21,2014-10-27,2
20141014,CA,0.00,0.00,4.96,13.13,23.51,58.41,2014-10-14,2014-10-20,2
